ticker,thr,peak_date,trough_date,depth_pct,peak_to_trough_days,recovery_days,runup_pct,days_since_last_peak,vol60_ann,pct_above_sma200,ongoing
GOOG,20,2006-01-11,2006-03-13,28.53,41,156,8.36,,,,False
GOOG,20,2007-11-06,2008-11-24,65.29,265,965,120.08,458,20.9,43.8,False
GOOG,20,2018-07-26,2018-12-24,23.03,104,84,889.03,2698,20.4,17.4,False
GOOG,20,2020-02-19,2020-03-23,30.79,23,76,56.39,393,17.1,22.2,False
GOOG,20,2021-11-18,2022-11-03,44.6,241,306,185.27,443,22.6,19.2,False
GOOG,20,2024-07-10,2024-09-09,22.28,42,66,131.02,661,27.4,27.8,False
GOOG,20,2025-02-04,2025-04-08,29.35,44,95,39.06,143,30.8,18.4,False
GOOG,20,2026-02-02,2026-03-30,20.75,39,19,135.95,249,27.2,46.1,False
GOOG,20,2026-05-13,2026-07-23,20.18,48,,46.09,70,33.5,38.1,True
AAPL,20,2006-01-13,2006-07-14,40.8,125,88,14.5,,,,False
AAPL,20,2007-12-28,2009-01-20,60.87,266,191,294.38,492,44.0,44.7,False
AAPL,20,2012-09-19,2013-04-19,43.8,144,310,801.68,1191,20.7,27.1,False
AAPL,20,2015-05-22,2016-05-12,30.44,245,182,149.23,671,20.7,16.9,False
AAPL,20,2018-10-03,2019-01-03,38.52,62,194,166.81,848,20.6,24.5,False
AAPL,20,2020-02-12,2020-03-23,31.43,27,52,134.13,341,21.5,39.3,False
AAPL,20,2020-09-01,2020-09-18,20.38,12,69,140.29,140,36.2,65.7,False
AAPL,20,2022-01-03,2023-01-05,30.91,253,102,71.7,337,23.6,26.4,False
AAPL,20,2024-12-26,2025-04-08,33.36,69,134,109.36,749,17.6,22.3,False
NVDA,20,2006-05-05,2006-07-14,43.51,48,60,63.68,,35.3,,False
NVDA,20,2006-12-19,2007-03-16,26.74,58,63,119.02,158,45.9,39.0,False
NVDA,20,2007-10-17,2008-11-20,85.08,277,1861,109.21,207,47.0,51.6,False
NVDA,20,2018-10-01,2018-12-24,56.04,58,287,5199.48,2758,25.5,18.9,False
NVDA,20,2020-02-19,2020-03-16,37.55,18,39,148.61,347,30.7,64.0,False
NVDA,20,2021-02-16,2021-03-08,24.38,14,25,212.55,250,33.1,29.2,False
NVDA,20,2021-11-29,2022-10-14,66.34,221,153,188.11,199,45.8,74.1,False
NVDA,20,2024-06-18,2024-08-07,27.05,34,47,1108.63,641,50.1,97.6,False
NVDA,20,2025-01-06,2025-04-04,36.88,61,55,51.1,138,36.8,25.9,False
NVDA,20,2025-10-29,2026-03-30,20.21,103,18,119.56,204,30.6,40.4,False
MSFT,20,2006-01-31,2006-06-13,23.03,92,79,4.88,,,,False
MSFT,20,2007-11-02,2009-03-09,57.94,337,1043,75.3,443,28.0,25.5,False
MSFT,20,2020-02-10,2020-03-16,28.04,24,58,1508.53,3087,16.2,32.7,False
MSFT,20,2021-11-19,2022-11-03,37.15,240,153,157.49,450,19.3,25.7,False
MSFT,20,2024-07-05,2025-04-08,23.73,190,40,121.59,657,19.2,19.6,False
MSFT,20,2025-10-28,2026-06-25,34.5,164,,53.42,330,15.1,18.2,True
TSM,20,2006-05-05,2006-06-13,24.78,26,115,11.49,,24.8,,False
TSM,20,2007-07-17,2008-01-22,31.94,130,94,55.7,300,22.7,14.1,False
TSM,20,2008-06-05,2008-11-20,48.21,118,111,48.94,224,39.7,17.9,False
TSM,20,2009-05-04,2009-06-22,23.31,34,128,102.39,229,56.5,39.2,False
TSM,20,2015-04-27,2015-08-24,23.82,83,133,251.34,1505,26.2,14.6,False
TSM,20,2018-01-22,2018-06-27,20.64,109,50,164.87,690,21.3,24.2,False
TSM,20,2018-09-24,2019-01-03,23.46,69,73,26.42,170,20.3,11.5,False
TSM,20,2020-01-14,2020-03-19,26.55,45,74,83.84,328,20.9,32.8,False
TSM,20,2021-02-16,2021-05-12,22.44,60,171,224.5,274,36.8,65.8,False
TSM,20,2022-01-14,2022-11-03,56.47,202,332,31.56,232,35.0,20.2,False
TSM,20,2024-07-10,2024-08-05,22.56,18,48,227.28,622,35.5,54.2,False
TSM,20,2025-01-23,2025-04-08,36.82,52,54,52.87,135,37.9,28.6,False
TSM,20,2026-06-30,2026-07-29,21.55,20,,242.8,359,45.6,40.2,True
ASML,20,2006-01-27,2006-07-17,21.68,117,56,15.26,,,,False
ASML,20,2007-10-24,2008-11-20,64.12,272,281,86.68,438,33.9,25.9,False
ASML,20,2010-04-13,2010-08-31,31.29,98,70,191.1,620,27.9,20.5,False
ASML,20,2011-03-03,2011-08-08,31.27,109,124,85.28,225,38.3,37.4,False
ASML,20,2013-10-04,2014-05-06,20.07,146,82,202.07,652,18.2,28.6,False
ASML,20,2015-05-28,2016-01-15,31.92,161,247,43.5,413,33.3,11.7,False
ASML,20,2018-07-23,2018-12-24,34.32,107,141,193.82,794,29.7,15.3,False
ASML,20,2020-02-12,2020-03-18,37.94,24,44,122.43,392,23.7,30.2,False
ASML,20,2021-09-15,2022-10-14,56.86,273,320,356.82,401,23.2,39.9,False
ASML,20,2024-07-10,2025-04-08,45.48,187,163,194.74,707,38.6,31.7,False
ASML,20,2026-06-30,2026-07-29,21.95,20,,237.81,494,56.3,52.8,True
MRVL,20,2006-01-27,2008-11-20,86.47,710,2898,21.44,,,,False
MRVL,20,2021-01-25,2021-03-08,26.4,29,71,1210.23,3773,44.8,43.8,False
MRVL,20,2021-12-07,2023-01-05,61.88,271,462,129.16,220,47.9,60.6,False
MRVL,20,2025-01-23,2025-04-04,60.79,50,254,266.3,784,69.0,57.0,False
MRVL,20,2026-06-04,2026-07-29,48.35,37,,542.62,342,88.9,208.8,True
AMD,20,2006-02-01,2015-07-27,96.15,2386,1104,29.94,,,,False
AMD,20,2020-02-19,2020-03-16,34.28,18,89,3535.8,3535,37.8,64.6,False
AMD,20,2021-01-11,2021-05-13,24.84,85,52,151.23,226,38.7,35.8,False
AMD,20,2021-11-29,2022-10-14,65.45,221,315,121.52,223,41.2,65.8,False
AMD,20,2024-03-07,2025-04-08,63.0,272,125,277.87,570,51.1,66.4,False
AMD,20,2025-10-29,2026-03-03,27.76,84,31,237.97,413,70.9,91.5,False
AMD,20,2026-06-30,2026-07-29,26.05,20,,204.22,166,79.5,111.6,True
JPM,20,2007-05-09,2009-03-09,68.15,461,972,38.61,,19.1,11.9,False
JPM,20,2015-07-22,2016-02-11,23.21,141,164,403.93,2065,14.7,14.2,False
JPM,20,2018-09-20,2018-12-24,21.79,65,85,137.5,798,17.0,7.1,False
JPM,20,2020-01-02,2020-03-23,43.63,55,201,57.91,322,14.7,21.9,False
JPM,20,2021-10-22,2022-10-11,38.77,243,296,129.44,456,20.5,12.5,False
JPM,20,2025-02-18,2025-04-04,24.42,33,53,191.0,832,16.9,26.6,False
AXP,20,2007-07-19,2009-03-06,83.91,411,793,26.88,,22.1,10.5,False
AXP,20,2014-07-03,2016-02-11,45.38,405,414,923.71,1752,16.1,10.7,False
AXP,20,2018-11-28,2018-12-24,20.72,17,55,131.11,1110,21.0,12.0,False
AXP,20,2020-02-19,2020-03-23,49.64,23,231,55.78,306,17.3,12.4,False
AXP,20,2022-02-16,2022-09-30,31.55,156,331,195.94,504,37.6,18.0,False
AXP,20,2025-01-23,2025-04-08,28.76,52,58,149.59,735,26.6,25.7,False
AXP,20,2025-12-11,2026-03-27,23.9,72,,67.18,223,27.0,24.4,True
AVGO,20,2009-08-28,2009-11-03,21.55,46,41,14.15,,,,False
AVGO,20,2010-06-17,2010-09-10,20.13,59,32,61.15,201,40.3,27.9,False
AVGO,20,2011-07-06,2011-08-08,30.42,23,159,111.2,265,38.0,32.6,False
AVGO,20,2012-03-30,2012-05-18,22.97,34,269,44.87,186,28.9,17.0,False
AVGO,20,2014-09-18,2014-10-13,22.88,17,26,212.74,620,26.5,37.8,False
AVGO,20,2015-05-29,2015-08-25,26.51,61,71,115.88,174,35.3,43.6,False
AVGO,20,2015-12-07,2016-02-11,21.61,45,20,37.59,133,44.9,17.1,False
AVGO,20,2017-11-27,2018-07-13,26.37,157,137,151.66,497,23.1,19.5,False
AVGO,20,2019-04-17,2019-05-31,21.49,30,115,62.63,348,25.5,31.4,False
AVGO,20,2020-02-12,2020-03-18,48.3,24,75,32.8,207,25.4,12.0,False
AVGO,20,2021-12-27,2022-10-14,35.16,202,147,332.49,472,28.9,37.1,False
AVGO,20,2024-06-17,2024-08-07,25.25,35,44,343.49,621,43.9,61.0,False
AVGO,20,2024-12-16,2025-04-04,41.15,74,39,84.06,126,60.7,61.4,False
AVGO,20,2025-12-10,2026-03-30,28.67,74,16,183.44,246,45.0,48.7,False
AVGO,20,2026-06-02,2026-08-26,26.04,59,,64.13,118,41.7,36.4,True
MRNA,20,2018-12-10,2018-12-26,28.09,11,34,1.08,,,,False
MRNA,20,2019-05-02,2019-08-05,56.74,65,141,109.62,98,74.3,,False
MRNA,20,2020-03-02,2020-03-13,28.71,9,3,143.72,209,99.7,70.7,False
MRNA,20,2020-05-18,2020-05-27,34.77,6,34,275.59,54,133.8,236.4,False
MRNA,20,2020-07-17,2020-09-08,42.71,36,49,81.77,42,97.7,177.7,False
MRNA,20,2020-12-08,2020-12-31,38.5,16,19,212.59,100,82.1,163.1,False
MRNA,20,2021-02-08,2021-03-30,36.29,35,23,78.02,41,97.1,115.3,False
MRNA,20,2021-08-09,2025-11-20,95.38,1077,,308.87,126,61.3,185.5,True
MA,20,2007-07-16,2007-08-15,23.96,22,54,270.58,,40.4,52.3,False
MA,20,2007-12-13,2008-01-18,21.71,24,44,73.14,106,55.5,51.8,False
MA,20,2008-06-02,2009-01-20,62.67,160,621,83.38,116,43.5,60.8,False
MA,20,2015-11-06,2016-02-08,20.38,62,157,774.38,1873,26.6,10.3,False
MA,20,2018-10-01,2018-12-24,21.86,58,40,182.42,729,17.4,19.5,False
MA,20,2020-02-19,2020-03-23,41.0,23,107,98.65,347,16.1,22.8,False
MA,20,2020-08-28,2020-10-30,21.07,44,78,80.61,134,29.7,24.0,False
MA,20,2021-04-28,2021-12-01,22.4,151,43,37.41,166,26.6,16.3,False
MA,20,2022-02-02,2022-10-12,28.25,174,180,29.71,194,39.1,10.4,False
MA,20,2025-08-22,2026-06-03,20.91,195,56,114.83,891,21.3,9.6,False
